id,BLEU,ROUGE-L,Completeness,UrgencyValid
1,0.018738868331422843,0.09404388714733543,1.0,0.5
2,0.027119287314794387,0.10078740157480316,1.0,0.0
3,0.029233780831954617,0.1037037037037037,1.0,0.0
